{
  "total_runtime_sec": 4890.445974826813,
  "final_best_loss": 9.578581262303482e-12,
  "final_median_loss": 6.266975831170234e-08,
  "mean_iter_time": 0.012868437113761903,
  "batch_indices": [
    2721,
    316,
    923,
    3249,
    1568,
    952,
    1366,
    1751,
    2597,
    4121
  ]
}