{
  "iteration": 9999,
  "loss": 0.0016100064385682344,
  "mare": 0.0005830199806950986,
  "lr": 0.0014984867904533907,
  "mean_iter_time": 0.004588301420211792,
  "timestamp": 1758588805.2382686
}