{
  "iteration": 50,
  "loss": 0.023119473829865456,
  "mare": 0.018814770504832268,
  "lr": 0.05,
  "mean_iter_time": 0.004582085609436035,
  "validation": {
    "error": "validation failed: operands could not be broadcast together with shapes (12,8) (100,8) "
  },
  "timestamp": 1758573509.6043975
}