{
  "iteration": 3000,
  "loss": 0.0139017878100276,
  "mare": 0.01158970594406128,
  "lr": 0.05,
  "mean_iter_time": 0.004653985261917114,
  "validation": {
    "error": "validation failed: operands could not be broadcast together with shapes (12,8) (100,8) "
  },
  "timestamp": 1758573672.0855873
}