{
  "iteration": 400,
  "loss": 0.015057466924190521,
  "mare": 0.012962560169398785,
  "lr": 0.05,
  "mean_iter_time": 0.004539813995361328,
  "validation": {
    "error": "validation failed: operands could not be broadcast together with shapes (12,8) (100,8) "
  },
  "timestamp": 1758573568.7647789
}