{
  "iteration": 6000,
  "loss": 0.01685085892677307,
  "mare": 0.014177752658724785,
  "lr": 0.05,
  "mean_iter_time": 0.004646497011184692,
  "validation": {
    "error": "validation failed: operands could not be broadcast together with shapes (12,8) (100,8) "
  },
  "timestamp": 1758573710.8153055
}