{
  "iteration": 1000,
  "loss": 0.015493672341108322,
  "mare": 0.012949349358677864,
  "lr": 0.05,
  "mean_iter_time": 0.004528164148330688,
  "validation": {
    "error": "validation failed: operands could not be broadcast together with shapes (12,8) (100,8) "
  },
  "timestamp": 1758573646.369736
}