{
  "iteration": 7000,
  "loss": 0.01474202424287796,
  "mare": 0.012199096381664276,
  "lr": 0.05,
  "mean_iter_time": 0.004611538171768188,
  "validation": {
    "error": "validation failed: operands could not be broadcast together with shapes (12,8) (100,8) "
  },
  "timestamp": 1758573723.6437857
}