{
  "iteration": 8000,
  "loss": 0.016267143189907074,
  "mare": 0.013761748559772968,
  "lr": 0.05,
  "mean_iter_time": 0.004628388166427612,
  "validation": {
    "error": "validation failed: operands could not be broadcast together with shapes (12,8) (100,8) "
  },
  "timestamp": 1758573736.4805582
}