{
  "iteration": 450,
  "loss": 0.015982432290911674,
  "mare": 0.013881583698093891,
  "lr": 0.05,
  "mean_iter_time": 0.004592742919921875,
  "validation": {
    "error": "validation failed: operands could not be broadcast together with shapes (12,8) (100,8) "
  },
  "timestamp": 1758573577.2836623
}