{
  "iteration": 4000,
  "loss": 0.015274505130946636,
  "mare": 0.01291080005466938,
  "lr": 0.05,
  "mean_iter_time": 0.004541162729263306,
  "validation": {
    "error": "validation failed: operands could not be broadcast together with shapes (12,8) (100,8) "
  },
  "timestamp": 1758573684.990095
}