{
  "iteration": 100,
  "loss": 0.016445090994238853,
  "mare": 0.01452702097594738,
  "lr": 0.05,
  "mean_iter_time": 0.004397535324096679,
  "validation": {
    "error": "validation failed: operands could not be broadcast together with shapes (12,8) (100,8) "
  },
  "timestamp": 1758573518.1236107
}