{
  "iteration": 350,
  "loss": 0.015407751314342022,
  "mare": 0.01329611986875534,
  "lr": 0.05,
  "mean_iter_time": 0.004427480697631836,
  "validation": {
    "error": "validation failed: operands could not be broadcast together with shapes (12,8) (100,8) "
  },
  "timestamp": 1758573560.2889314
}