{
  "iteration": 250,
  "loss": 0.015878016129136086,
  "mare": 0.013863395899534225,
  "lr": 0.05,
  "mean_iter_time": 0.004412431716918946,
  "validation": {
    "error": "validation failed: operands could not be broadcast together with shapes (12,8) (100,8) "
  },
  "timestamp": 1758573543.4596856
}