{
  "iteration": 0,
  "loss": 0.7294527292251587,
  "mare": 0.7292168140411377,
  "lr": 0.05,
  "mean_iter_time": 0.14254069328308105,
  "validation": {
    "error": "validation failed: operands could not be broadcast together with shapes (12,8) (100,8) "
  },
  "timestamp": 1758573633.6745675
}