{
  "total_runtime_sec": 139.09198999404907,
  "final_loss": 0.01565571315586567,
  "final_mare": 0.013274512253701687,
  "mean_iter_time": 0.004616574263572693,
  "batch_indices": [
    398,
    3833,
    4836,
    4572,
    636,
    2545,
    1161,
    2230,
    148,
    2530,
    4070,
    1261,
    4682,
    333,
    906,
    3170,
    483,
    2825,
    1778,
    2466,
    159,
    1563,
    402,
    4258,
    4775,
    1095,
    3054,
    4268,
    3711,
    453,
    4085,
    3861,
    4390,
    1902,
    2412,
    1362,
    3777,
    3589,
    3897,
    3411,
    3635,
    2550,
    4643,
    1571,
    608,
    2172,
    675,
    4175,
    376,
    3009,
    3901,
    3740,
    134,
    1654,
    1875,
    4344,
    533,
    4763,
    2219,
    2876,
    2111,
    933,
    2636,
    3048,
    4394,
    464,
    2048,
    2796,
    4523,
    2036,
    381,
    3936,
    862,
    3696,
    567,
    1281,
    1002,
    138,
    3625,
    3222,
    2886,
    308,
    3528,
    304,
    1270,
    817,
    1098,
    1329,
    1965,
    3583,
    3014,
    690,
    4178,
    502,
    291,
    2929,
    2814,
    4214,
    2831,
    1139
  ],
  "n_params": 12,
  "batch_size": 100,
  "num_iters_ran": 10000,
  "validation_final": {
    "error": "operands could not be broadcast together with shapes (100,8) (12,8) "
  }
}