{
  "total_runtime_sec": 59.227954149246216,
  "final_loss": 0.0016100064385682344,
  "final_mare": 0.0005830199806950986,
  "mean_iter_time": 0.0046126765966415404,
  "batch_indices": [
    398,
    3833,
    4836,
    4572,
    636,
    2545,
    1161,
    2230,
    148,
    2530,
    4070,
    1261,
    4682,
    333,
    906,
    3170,
    483,
    2825,
    1778,
    2466,
    159,
    1563,
    402,
    4258,
    4775,
    1095,
    3054,
    4268,
    3711,
    453,
    4085,
    3861,
    4390,
    1902,
    2412,
    1362,
    3777,
    3589,
    3897,
    3411,
    3635,
    2550,
    4643,
    1571,
    608,
    2172,
    675,
    4175,
    376,
    3009,
    3901,
    3740,
    134,
    1654,
    1875,
    4344,
    533,
    4763,
    2219,
    2876,
    2111,
    933,
    2636,
    3048,
    4394,
    464,
    2048,
    2796,
    4523,
    2036,
    381,
    3936,
    862,
    3696,
    567,
    1281,
    1002,
    138,
    3625,
    3222,
    2886,
    308,
    3528,
    304,
    1270,
    817,
    1098,
    1329,
    1965,
    3583,
    3014,
    690,
    4178,
    502,
    291,
    2929,
    2814,
    4214,
    2831,
    1139,
    949,
    1379,
    4787,
    4102,
    891,
    3774,
    3682,
    1526,
    4185,
    1835,
    113,
    4257,
    3594,
    1465,
    1450,
    2513,
    4284,
    3812,
    4371,
    2587,
    2027,
    4315,
    1470,
    4348,
    4544,
    3846,
    214,
    2465,
    4834,
    1351,
    678,
    4863,
    3052,
    939,
    520,
    3650,
    1974,
    4467,
    2154,
    3288,
    2216,
    142,
    3488,
    4130,
    2329,
    1702,
    4120,
    3733,
    3865,
    3443,
    405,
    3655,
    4169,
    4150,
    298,
    735,
    4672,
    2370,
    42,
    4244,
    624,
    4583,
    3595,
    666,
    1793,
    3001,
    4995,
    4612,
    4445,
    1109,
    2247,
    4248,
    4137,
    562,
    2452,
    2707,
    3830,
    2782,
    4170,
    1680,
    1122,
    49,
    1091,
    137,
    3098,
    302,
    3362,
    12,
    4540,
    2631,
    4098,
    4694,
    130,
    1141,
    30,
    2776,
    4506,
    1803,
    4363,
    977,
    871,
    3794,
    3270,
    202,
    2038,
    575,
    4030,
    2445,
    3801,
    1511,
    3554,
    2951,
    2864,
    3881,
    704,
    4463,
    125,
    3580,
    2378,
    154,
    4837,
    3380,
    2030,
    3464,
    601,
    1237,
    3348,
    98,
    3993,
    1490,
    3577,
    39,
    3416,
    1741,
    4872,
    348,
    2531,
    72,
    867,
    812,
    4345,
    3664,
    4323,
    1185,
    4843,
    3201,
    3507,
    1670,
    4468,
    1343,
    491,
    495,
    2091,
    3779,
    3239,
    3575,
    3539,
    2816,
    4847,
    2616,
    3606,
    4171,
    1658,
    1772,
    4580,
    1852,
    499,
    1544,
    4452,
    849,
    2807,
    2686,
    4328,
    2640,
    3634,
    2118,
    716,
    158,
    4166,
    1005,
    124,
    4204,
    4121,
    3177,
    2232,
    2939,
    530,
    776,
    4391,
    2239,
    3453,
    2815,
    3217,
    918,
    1328,
    446,
    4953,
    1377,
    3899,
    1259,
    4844,
    3743,
    842,
    3866,
    3731,
    241,
    2839,
    2985,
    4979,
    771,
    3824,
    3876,
    1011,
    843,
    4700,
    1545,
    192,
    3735,
    2872,
    1338,
    3343,
    2517,
    3689,
    3354,
    380,
    29,
    4243,
    3672,
    3771,
    1051,
    534,
    1267,
    3274,
    4533,
    3503,
    4510,
    2947,
    1116,
    1969,
    4283,
    3307,
    4617,
    3923,
    4522,
    2658,
    1115,
    3892,
    2731,
    1949,
    4529,
    4961,
    3970,
    1765,
    347,
    4613,
    3188,
    2590,
    3845,
    4441,
    1419,
    1800,
    1399,
    1705,
    661,
    1977,
    4982,
    4379,
    4594,
    1428,
    4727,
    4932,
    1620,
    3859,
    2417,
    942,
    4610,
    3152,
    2087,
    2166,
    3089,
    489,
    4963,
    1839,
    4602,
    4581,
    3317,
    2519,
    4074,
    1114,
    2744,
    349,
    4287,
    1991,
    3342,
    3141,
    1012,
    352,
    896,
    799,
    2455,
    4474,
    2788,
    1957,
    2473,
    639,
    1487,
    3161,
    2812,
    2592,
    3566,
    1082,
    4256,
    2383,
    531,
    541,
    4902,
    825,
    3088,
    4413,
    1738,
    2701,
    314,
    4830,
    2848,
    2214,
    1387,
    2201,
    2630,
    3326,
    1366,
    2049,
    394,
    4667,
    3315,
    2315,
    2311,
    2849,
    3233,
    1367,
    1246,
    3608,
    4429,
    2177,
    4398,
    4173,
    4954,
    1934,
    4409,
    2070,
    727,
    2379,
    2075,
    3199,
    3864,
    487,
    4624,
    780,
    3891,
    3341,
    3563,
    3228,
    218,
    4912,
    44,
    683,
    311,
    3438,
    2840,
    2182,
    3425,
    31,
    1418,
    1749,
    1108,
    3839,
    1567,
    4590,
    1022,
    2263,
    452,
    4899,
    2611,
    282,
    651,
    4046,
    1326,
    1176,
    2500,
    582,
    2875,
    2982,
    4213,
    4596,
    1393,
    3390,
    1928,
    4366,
    3550,
    2189,
    3480,
    3871,
    4299,
    4719,
    3195,
    1922,
    1075,
    751,
    463,
    4076,
    725,
    4785,
    2108
  ],
  "n_params": 12,
  "batch_size": 512,
  "num_iters_ran": 10000
}